{"v":"5.1.11","fr":29.9700012207031,"ip":0,"op":35.0000014255792,"w":132,"h":132,"nm":"Comp 1","ddd":0,"assets":[{"id":"image_0","w":72,"h":72,"u":"images/","p":"img_0.png"},{"id":"image_1","w":102,"h":102,"u":"images/","p":"img_1.png"},{"id":"image_2","w":108,"h":108,"u":"images/","p":"img_2.png"},{"id":"image_3","w":94,"h":94,"u":"images/","p":"img_3.png"},{"id":"image_4","w":132,"h":132,"u":"images/","p":"img_4.png"}],"layers":[{"ddd":0,"ind":1,"ty":2,"nm":"HEART.png","cl":"png","refId":"image_0","sr":1,"ks":{"o":{"a":0,"k":100,"ix":11},"r":{"a":1,"k":[{"i":{"x":[0.667],"y":[1]},"o":{"x":[0.333],"y":[0]},"n":["0p667_1_0p333_0"],"t":5,"s":[-20],"e":[15]},{"i":{"x":[0.667],"y":[1]},"o":{"x":[0.333],"y":[0]},"n":["0p667_1_0p333_0"],"t":15,"s":[15],"e":[0]},{"t":20.0000008146167}],"ix":10},"p":{"a":0,"k":[66,66,0],"ix":2},"a":{"a":0,"k":[36,36,0],"ix":1},"s":{"a":1,"k":[{"i":{"x":[0.667,0.667,0.667],"y":[1,1,1]},"o":{"x":[0.333,0.333,0.333],"y":[0,0,0]},"n":["0p667_1_0p333_0","0p667_1_0p333_0","0p667_1_0p333_0"],"t":5,"s":[0,0,100],"e":[140,140,100]},{"i":{"x":[0.667,0.667,0.667],"y":[1,1,1]},"o":{"x":[0.333,0.333,0.333],"y":[0,0,0]},"n":["0p667_1_0p333_0","0p667_1_0p333_0","0p667_1_0p333_0"],"t":15,"s":[140,140,100],"e":[80,80,100]},{"i":{"x":[0.833,0.833,0.833],"y":[1,1,1]},"o":{"x":[0.333,0.333,0.333],"y":[0,0,0]},"n":["0p833_1_0p333_0","0p833_1_0p333_0","0p833_1_0p333_0"],"t":20,"s":[80,80,100],"e":[100,100,100]},{"t":25.0000010182709}],"ix":6}},"ao":0,"ip":0,"op":300.00001221925,"st":0,"bm":0},{"ddd":0,"ind":2,"ty":2,"nm":"DOTS.png","cl":"png","refId":"image_1","sr":1,"ks":{"o":{"a":1,"k":[{"i":{"x":[0.667],"y":[1]},"o":{"x":[0.333],"y":[0]},"n":["0p667_1_0p333_0"],"t":14,"s":[100],"e":[100]},{"i":{"x":[0.667],"y":[1]},"o":{"x":[0.333],"y":[0]},"n":["0p667_1_0p333_0"],"t":27,"s":[100],"e":[0]},{"t":34.0000013848484}],"ix":11},"r":{"a":0,"k":0,"ix":10},"p":{"a":0,"k":[66,66,0],"ix":2},"a":{"a":0,"k":[51,51,0],"ix":1},"s":{"a":1,"k":[{"i":{"x":[0.667,0.667,0.667],"y":[1,1,1]},"o":{"x":[0.333,0.333,0.333],"y":[0,0,0]},"n":["0p667_1_0p333_0","0p667_1_0p333_0","0p667_1_0p333_0"],"t":14,"s":[0,0,100],"e":[100,100,100]},{"t":34.0000013848484}],"ix":6}},"ao":0,"ip":0,"op":300.00001221925,"st":0,"bm":0},{"ddd":0,"ind":3,"ty":2,"nm":"ELIPSE.png","cl":"png","refId":"image_2","sr":1,"ks":{"o":{"a":1,"k":[{"i":{"x":[0.667],"y":[1]},"o":{"x":[0.333],"y":[0]},"n":["0p667_1_0p333_0"],"t":0,"s":[100],"e":[100]},{"i":{"x":[0.667],"y":[1]},"o":{"x":[0.333],"y":[0]},"n":["0p667_1_0p333_0"],"t":10,"s":[100],"e":[0]},{"t":20.0000008146167}],"ix":11},"r":{"a":0,"k":0,"ix":10},"p":{"a":0,"k":[66,66,0],"ix":2},"a":{"a":0,"k":[54,54,0],"ix":1},"s":{"a":1,"k":[{"i":{"x":[0.667,0.667,0.667],"y":[1,1,1]},"o":{"x":[0.333,0.333,0.333],"y":[0,0,0]},"n":["0p667_1_0p333_0","0p667_1_0p333_0","0p667_1_0p333_0"],"t":0,"s":[0,0,100],"e":[120,120,100]},{"t":20.0000008146167}],"ix":6}},"ao":0,"ip":0,"op":300.00001221925,"st":0,"bm":0},{"ddd":0,"ind":4,"ty":2,"nm":"SPARKS.png","cl":"png","refId":"image_3","sr":1,"ks":{"o":{"a":1,"k":[{"i":{"x":[0.667],"y":[1]},"o":{"x":[0.333],"y":[0]},"n":["0p667_1_0p333_0"],"t":10,"s":[100],"e":[100]},{"i":{"x":[0.667],"y":[1]},"o":{"x":[0.333],"y":[0]},"n":["0p667_1_0p333_0"],"t":23,"s":[100],"e":[0]},{"t":30.0000012219251}],"ix":11},"r":{"a":0,"k":0,"ix":10},"p":{"a":0,"k":[66,66,0],"ix":2},"a":{"a":0,"k":[47,47,0],"ix":1},"s":{"a":1,"k":[{"i":{"x":[0.667,0.667,0.667],"y":[1,1,1]},"o":{"x":[0.333,0.333,0.333],"y":[0,0,0]},"n":["0p667_1_0p333_0","0p667_1_0p333_0","0p667_1_0p333_0"],"t":10,"s":[0,0,100],"e":[100,100,100]},{"t":30.0000012219251}],"ix":6}},"ao":0,"ip":0,"op":300.00001221925,"st":0,"bm":0},{"ddd":0,"ind":5,"ty":2,"nm":"STARS.png","cl":"png","refId":"image_4","sr":1,"ks":{"o":{"a":1,"k":[{"i":{"x":[0.667],"y":[1]},"o":{"x":[0.333],"y":[0]},"n":["0p667_1_0p333_0"],"t":6,"s":[100],"e":[100]},{"i":{"x":[0.667],"y":[1]},"o":{"x":[0.333],"y":[0]},"n":["0p667_1_0p333_0"],"t":21,"s":[100],"e":[0]},{"t":28.0000011404634}],"ix":11},"r":{"a":0,"k":0,"ix":10},"p":{"a":0,"k":[66,66,0],"ix":2},"a":{"a":0,"k":[66,66,0],"ix":1},"s":{"a":1,"k":[{"i":{"x":[0.667,0.667,0.667],"y":[1,1,1]},"o":{"x":[0.333,0.333,0.333],"y":[0,0,0]},"n":["0p667_1_0p333_0","0p667_1_0p333_0","0p667_1_0p333_0"],"t":6,"s":[0,0,100],"e":[100,100,100]},{"t":28.0000011404634}],"ix":6}},"ao":0,"ip":0,"op":300.00001221925,"st":0,"bm":0}],"markers":[]}